ts,trade_id,symbol,side,event,price,qty,pnl_usdt,r_mult,mode,note
2026-02-20T20:24:00Z,1a2740a6-0cee-407a-a5c4-4094420f10ab,ALLOUSDT,LONG,ENTRY,0.14533,8406.11616030329,0.0,0.0,PAPER,TOM_APPROVE
2026-02-20T20:24:52Z,eb2deeb1-e197-47b6-99f5-6cf13af5a6f7,ALLOUSDT,LONG,ENTRY,0.14533,8406.11616030329,0.0,0.0,PAPER,TOM_APPROVE
2026-02-20T20:40:09Z,57d9060e-d10a-4fad-a896-dafb780a3ec7,SNXUSDT,LONG,ENTRY,0.373,8445.234644274433,0.0,0.0,PAPER,TOM_APPROVE
2026-02-20T20:45:10Z,5db73f6b-93e3-4dc4-b68b-8f2f9f05b8c0,SNXUSDT,LONG,ENTRY,0.381,7868.131733233086,0.0,0.0,PAPER,TOM_APPROVE
2026-02-20T20:50:01Z,c2fa38d7-d845-493a-972d-441e4849a3b7,XAGUSDT,SHORT,ENTRY,84.07,120.06400832360617,0.0,0.0,PAPER,TOM_APPROVE
2026-02-20T20:55:19Z,dd14bdcc-8ce8-4da5-8edd-bd5c995cde08,XAGUSDT,SHORT,ENTRY,84.33,118.76930011272552,0.0,0.0,PAPER,TOM_APPROVE
2026-02-20T20:56:03Z,b196cbbc-af8c-4024-901d-48ff7e3c2fb9,SNXUSDT,LONG,TP1,0.3848409972,4222.6173221372,50.0,5.0,PAPER,TP1 hit; 50% closed; SL->BE
2026-02-20T20:56:58Z,24b2c401-7f01-480f-a2ce-d03caff9b59b,XAGUSDT,SHORT,SL,84.476444534,120.0640083236,-50.0,-5.0,PAPER,Stop loss hit; trade closed
2026-02-20T21:00:24Z,b3e8589b-3326-40ca-abc0-e436ffa32a5a,XAGUSDT,SHORT,ENTRY,84.47,117.29625957135866,0.0,0.0,PAPER,TOM_APPROVE
2026-02-20T21:01:17Z,ac6c5dc4-ca49-4a88-9ee5-fc9b966610fa,ALLOUSDT,LONG,SL,0.1393819499,8406.1161603033,-50.0,-5.0,PAPER,Stop loss hit; trade closed
2026-02-20T21:01:17Z,f1288894-3979-427b-9dcd-34a417610ba2,ALLOUSDT,LONG,SL,0.1393819499,8406.1161603033,-50.0,-5.0,PAPER,Stop loss hit; trade closed
2026-02-20T21:05:25Z,1d0a5eb6-f252-49d3-bcff-d1ff23195d84,XAGUSDT,SHORT,ENTRY,84.22,116.83171716669344,0.0,0.0,PAPER,TOM_APPROVE
2026-02-20T21:25:53Z,fcf58a95-27f3-4392-9cf9-56340bb4b810,MYXUSDT,SHORT,ENTRY,1.022,1178.0090507068896,0.0,0.0,PAPER,TOM_APPROVE
2026-02-20T21:41:20Z,3ec269a1-d5bf-4b28-ab2f-5b65c1ae0636,MYXUSDT,SHORT,ENTRY,1.03,1152.2337931660531,0.0,0.0,PAPER,TOM_APPROVE
2026-02-20T22:11:30Z,e76ef173-e7cc-4791-972d-c1327ca43bb4,RIVERUSDT,SHORT,ENTRY,8.31,513.4210830742113,0.0,0.0,PAPER,TOM_APPROVE
2026-02-20T22:16:36Z,9a9aa174-e3cc-4fa7-96b8-d75cb665813c,SPACEUSDT,SHORT,ENTRY,0.010215,380788.66075366933,0.0,0.0,PAPER,TOM_APPROVE
2026-02-20T22:21:42Z,dd6a9b56-3780-4faf-9532-f42763c18f16,BNBUSDT,LONG,ENTRY,626.11,32.41435447508102,0.0,0.0,PAPER,TOM_APPROVE
2026-02-20T22:26:51Z,430cb473-68ce-4c7d-8750-03a95458756c,BNBUSDT,LONG,ENTRY,627.42,30.684468536271847,0.0,0.0,PAPER,TOM_APPROVE
2026-02-20T22:31:52Z,13bb293c-a658-4458-bdd9-37b06799c401,WLFIUSDT,SHORT,ENTRY,0.1196,52407.97487704997,0.0,0.0,PAPER,TOM_APPROVE
2026-02-20T22:35:12Z,1a575a2b-7b1e-4db4-8883-1c1b549a6386,SPACEUSDT,SHORT,SL,0.0103493064,380788.6607536693,-50.0,-5.0,PAPER,Stop loss hit; trade closed
2026-02-20T22:35:37Z,9ed2e37f-190d-4c5f-9fb3-9d003eca7e1f,WLFIUSDT,SHORT,SL,0.1205540533,52407.97487705,-50.0,-5.0,PAPER,Stop loss hit; trade closed
2026-02-20T22:38:47Z,e3fba8b4-5540-4c62-b96f-5e74df14a9e5,RIVERUSDT,SHORT,TP1,8.1122280997,256.7105415371,50.0,5.0,PAPER,TP1 hit; 50% closed; SL->BE
2026-02-20T22:40:42Z,b196cbbc-af8c-4024-901d-48ff7e3c2fb9,SNXUSDT,LONG,TP2,0.3966819945,4222.6173221372,100.0,10.0,PAPER,TP2 hit; trade closed
2026-02-20T22:47:06Z,e463ecad-37fd-4072-8e42-76f65ce87759,BCHUSDT,LONG,ENTRY,557.78,27.1109836291112,0.0,0.0,PAPER,TOM_APPROVE
2026-02-20T23:07:16Z,abc62eed-811f-436e-a4c1-7223a385718a,XAUUSDT,LONG,ENTRY,5105.19,11.97781944542581,0.0,0.0,PAPER,TOM_APPROVE
2026-02-20T23:18:32Z,8b26cdfc-0614-4f9a-8ab4-be17a9c2daf2,MYXUSDT,SHORT,SL,1.0733939712,1152.2337931661,-50.0,-5.0,PAPER,Stop loss hit; trade closed
2026-02-20T23:37:38Z,87b8b7cd-37d6-49da-8bed-9f944c366325,KITEUSDT,LONG,ENTRY,0.26229,16595.822597501043,0.0,0.0,PAPER,TOM_APPROVE
2026-02-20T23:47:57Z,ebbfbb37-3a86-49bc-a9d1-d7312a0f24e1,PAXGUSDT,LONG,ENTRY,5109.9,15.115855275907734,0.0,0.0,PAPER,TOM_APPROVE
2026-02-20T23:48:41Z,c64a1f2f-1cdd-4466-b338-0dcc5fcdcaf9,KITEUSDT,LONG,SL,0.2595471936,16595.822597501,-50.0,-5.0,PAPER,Stop loss hit; trade closed
2026-02-20T23:53:01Z,b9ac4821-6030-4658-a9bf-f4409461ec8e,PAXGUSDT,LONG,ENTRY,5111.65,15.02590716584711,0.0,0.0,PAPER,TOM_APPROVE
2026-02-20T23:58:06Z,de5e9391-2b90-4d27-b09d-fdbb7a998e26,ASTERUSDT,LONG,ENTRY,0.7265,14585.885847207737,0.0,0.0,PAPER,TOM_APPROVE
2026-02-21T00:08:16Z,5e460615-e79e-4091-956f-74af474f1ed2,XAGUSDT,LONG,ENTRY,84.53,397.9788500426708,0.0,0.0,PAPER,TOM_APPROVE
2026-02-21T00:10:03Z,37451599-7fbd-46c5-9eb1-d726e9aff169,XAGUSDT,LONG,ENTRY,84.53,397.9788500426708,0.0,0.0,PAPER,TOM_APPROVE
2026-02-21T00:13:18Z,57c5fa34-6636-4928-bfd5-19d2eaf7465a,XAGUSDT,LONG,ENTRY,84.53,413.4055315232055,0.0,0.0,PAPER,TOM_APPROVE
2026-02-21T00:17:26Z,5765490b-5881-4d5c-9621-fc800dbf7123,XAGUSDT,LONG,ENTRY,84.53,436.8703593409347,0.0,0.0,PAPER,TOM_APPROVE
2026-02-21T00:22:35Z,5b5e4654-b25f-472a-bf33-747e41cb8a25,TAOUSDT,LONG,ENTRY,180.01,52.73032269390475,0.0,0.0,PAPER,TOM_APPROVE
2026-02-21T00:29:44Z,4aadbd64-5642-4f93-bfeb-a8b379f476bc,ASTERUSDT,LONG,SL,0.7230720286,14585.8858472077,-50.0,-5.0,PAPER,Stop loss hit; trade closed
2026-02-21T00:32:27Z,6af5fb68-a758-4a11-bcc8-a4f5322561a4,KITEUSDT,SHORT,ENTRY,0.26614,11722.191380657996,0.0,0.0,PAPER,TOM_APPROVE
2026-02-21T00:40:05Z,d593f148-00e5-4d2c-9b54-a71c816bc3c2,PAXGUSDT,LONG,TP1,5116.5155700868,7.557927638,50.0,5.0,PAPER,TP1 hit; 50% closed; SL->BE
2026-02-21T00:46:03Z,79e28cbe-ef06-4715-9741-776ac2b75e00,BNBUSDT,LONG,SL,624.5674735234,32.4143544751,-50.0,-5.0,PAPER,Stop loss hit; trade closed
2026-02-21T00:53:00Z,4542a1b9-9fc5-463b-8c7c-7b6374d5c029,BTCUSDT,LONG,ENTRY,67838.6,0.3851456679278701,0.0,0.0,PAPER,TOM_APPROVE
2026-02-21T00:58:06Z,8b179063-21b1-4b6b-8625-180a4c39f929,KITEUSDT,SHORT,ENTRY,0.26848,10589.391410967348,0.0,0.0,PAPER,TOM_APPROVE
2026-02-21T01:03:16Z,38158953-7db4-4b54-802d-c932f5a0daa9,FILUSDT,LONG,ENTRY,0.949,13556.364489571079,0.0,0.0,PAPER,TOM_APPROVE
2026-02-21T01:03:52Z,fa01f079-f8bc-46e8-bc8c-fc73fda994aa,PAXGUSDT,LONG,TP1,5118.3051722233,7.5129535829,50.0,5.0,PAPER,TP1 hit; 50% closed; SL->BE
2026-02-21T01:05:36Z,709dc0dc-506e-4422-9eca-f8422c2a77ad,SNXUSDT,LONG,SL,0.3786334304,6787.4197909442,-50.0,-5.0,PAPER,Stop loss hit; trade closed
2026-02-21T01:08:18Z,785432ba-95ad-49bd-89d1-5bae3e3f9a3a,HYPEUSDT,LONG,ENTRY,30.165,391.9964870679662,0.0,0.0,PAPER,TOM_APPROVE
2026-02-21T01:08:54Z,ef8e4112-8c0d-4906-ba79-ef167a7a27b9,XAUUSDT,LONG,TP1,5113.5387650198,5.9889097227,50.0,5.0,PAPER,TP1 hit; 50% closed; SL->BE
2026-02-21T01:13:23Z,5eb06999-d725-4536-a935-bde99ec738c0,ASTERUSDT,LONG,ENTRY,0.7208,15490.519261796037,0.0,0.0,PAPER,TOM_APPROVE
2026-02-21T01:22:14Z,4e7c8a85-4cab-4fd2-a9c4-5acc3f5cf77b,KITEUSDT,SHORT,TP1,0.2590365867,5294.6957054837,50.0,5.0,PAPER,TP1 hit; 50% closed; SL->BE
2026-02-21T01:23:30Z,76072534-c998-4a15-b6f7-e5cf5bb76f89,PIPPINUSDT,SHORT,ENTRY,0.49523,8231.39492840667,0.0,0.0,PAPER,TOM_APPROVE
2026-02-21T01:28:34Z,6a577d7c-a0ba-407f-8f32-a0728c9df1c2,XAUUSDT,SHORT,ENTRY,5113.5,24.693237214621302,0.0,0.0,PAPER,TOM_APPROVE
2026-02-21T01:43:39Z,e730141e-9cc1-4979-88ed-ef132bc4e22d,WLFIUSDT,LONG,ENTRY,0.1227,37817.864005571515,0.0,0.0,PAPER,TOM_APPROVE
2026-02-21T01:50:12Z,230b1c50-e9c1-4c27-8632-ff53d7e08844,HYPEUSDT,LONG,TP1,30.4560950574,204.0024818391,50.0,5.0,PAPER,TP1 hit; 50% closed; SL->BE
2026-02-21T02:02:04Z,d7299989-7aa3-4410-bf9e-834fbd8f8d32,BCHUSDT,LONG,TP2,565.1570838689,13.5554918146,100.0,10.0,PAPER,TP2 hit; trade closed
2026-02-21T02:04:23Z,f6d8e2e4-392b-4439-b0a0-ec6bfea71c57,TRUMPUSDT,SHORT,ENTRY,3.529,3592.1302857720184,0.0,0.0,PAPER,TOM_APPROVE
2026-02-21T02:14:29Z,251f287b-444b-4449-892d-63bf139e439c,RIVERUSDT,SHORT,ENTRY,7.949,614.6104262364261,0.0,0.0,PAPER,TOM_APPROVE
2026-02-21T02:22:58Z,beb00d51-185d-4c5d-b03f-49e93a217401,TRUMPUSDT,SHORT,SL,3.542919317,3592.130285772,-50.0,-5.0,PAPER,Stop loss hit; trade closed
2026-02-21T02:25:00Z,0219ead1-28a4-459d-a284-8c915578cbe3,PIPPINUSDT,LONG,ENTRY,0.48883,9624.239630475442,0.0,0.0,PAPER,TOM_APPROVE
2026-02-21T02:26:11Z,69141517-3be1-423a-b880-45732f227213,WLFIUSDT,LONG,TP1,0.125344253,18908.9320027858,50.0,5.0,PAPER,TP1 hit; 50% closed; SL->BE
2026-02-21T02:29:30Z,41220f6a-c7eb-4c65-ba4d-8e2811227f81,FILUSDT,LONG,TP1,0.956376609,6778.1822447855,50.0,5.0,PAPER,TP1 hit; 50% closed; SL->BE
2026-02-21T02:31:25Z,a7d4d223-8d58-4d39-b82e-79af794d99c2,ASTERUSDT,LONG,TP1,0.7272555615,7745.259630898,50.0,5.0,PAPER,TP1 hit; 50% closed; SL->BE
2026-02-21T02:40:27Z,c28b1de3-a9ec-4f6a-b740-7761e350cac3,OPUSDT,SHORT,ENTRY,0.1316,42458.90952483202,0.0,0.0,PAPER,TOM_APPROVE
2026-02-21T02:45:28Z,f6610ecc-083b-4b4a-aa60-7aae46397534,FILUSDT,SHORT,ENTRY,0.957,12911.268254383162,0.0,0.0,PAPER,TOM_APPROVE
2026-02-21T02:50:29Z,8a2a440c-176f-4516-9a15-18c850c422d0,AZTECUSDT,LONG,ENTRY,0.03321,50106.07102861916,0.0,0.0,PAPER,TOM_APPROVE
2026-02-21T02:55:24Z,e76c0828-fb28-4103-a09d-38ec17201397,XAUUSDT,LONG,ENTRY,5112.49,28.35059642951716,0.0,0.0,PAPER,TOM_APPROVE
2026-02-21T03:00:49Z,1ed3dbff-a7f2-43de-92f1-6905e24ccedd,WLFIUSDT,SHORT,ENTRY,0.1264,38179.29434633856,0.0,0.0,PAPER,TOM_APPROVE
2026-02-21T03:01:18Z,49f0648b-b3dc-4aa3-9cba-5365a2129cd6,PIPPINUSDT,LONG,SL,0.4859494426,9577.5214399387,-50.0,-5.0,PAPER,Stop loss hit; trade closed
2026-02-21T03:01:34Z,49f0648b-b3dc-4aa3-9cba-5365a2129cd6,PIPPINUSDT,LONG,SL,0.4859494426,9577.5214399387,-50.0,-5.0,PAPER,Stop loss hit; trade closed
2026-02-21T03:02:31Z,6b87f0ff-981c-40e2-83a9-376e116124ae,BTCUSDT,LONG,SL,67708.778988981,0.3851456679,-50.0,-5.0,PAPER,Stop loss hit; trade closed
2026-02-21T03:06:30Z,935a167f-0596-4ceb-a3a0-e927dbfd9902,WLFIUSDT,SHORT,TP1,0.1237807792,19089.6471731693,50.0,5.0,PAPER,TP1 hit; 50% closed; SL->BE
2026-02-21T03:11:06Z,0f0dafd9-e581-4ed6-b941-3417b5e9ab23,PIPPINUSDT,LONG,ENTRY,0.48893,10995.473650780386,0.0,0.0,PAPER,TOM_APPROVE
2026-02-21T03:15:34Z,986524b9-8546-4034-8fee-a2383af63956,XAUUSDT,LONG,SL,5110.8387816509,28.2291565161,-50.0,-5.0,PAPER,Stop loss hit; trade closed
2026-02-21T03:16:17Z,cf181a11-531f-4c6d-ad38-099cee052bfd,MYXUSDT,LONG,ENTRY,1.203,643.2865680409329,0.0,0.0,PAPER,TOM_APPROVE
2026-02-21T03:16:44Z,4e7c8a85-4cab-4fd2-a9c4-5acc3f5cf77b,KITEUSDT,SHORT,TP2,0.2495931733,5294.6957054837,100.0,10.0,PAPER,TP2 hit; trade closed
2026-02-21T03:23:35Z,d19ca6b8-d661-416a-827d-524da4095781,PAXGUSDT,SHORT,TP1,5113.8382487678,9.1882186206,50.0,5.0,PAPER,TP1 hit; 50% closed; SL->BE
2026-02-21T03:25:18Z,a7d4d223-8d58-4d39-b82e-79af794d99c2,ASTERUSDT,LONG,TP2,0.733711123,7745.259630898,100.0,10.0,PAPER,TP2 hit; trade closed
2026-02-21T03:26:02Z,caeaeb8c-d7d1-4731-ac12-8fa11b1a1b48,XAUUSDT,SHORT,TP1,5108.7872249697,11.1042634073,50.0,5.0,PAPER,TP1 hit; 50% closed; SL->BE
2026-02-21T03:26:28Z,2f00d87d-022e-40af-acea-af1cb706375d,1000PEPEUSDT,LONG,ENTRY,0.0042625,2909223.3609011234,0.0,0.0,PAPER,TOM_APPROVE
2026-02-21T03:27:12Z,7642a7f2-0a15-4907-b46f-74e9ea2e9ded,MYXUSDT,LONG,SL,1.1252741427,643.2865680409,-50.0,-5.0,PAPER,Stop loss hit; trade closed
2026-02-21T03:31:42Z,8cef2b9c-7c17-4fa3-8ca7-deb2da4b8002,ZECUSDT,LONG,ENTRY,260.46,40.32596540980897,0.0,0.0,PAPER,TOM_APPROVE
2026-02-21T03:41:50Z,0afb5b44-2e74-480d-a9a2-1509be0c82e9,XAUUSDT,LONG,ENTRY,5109.14,30.90788161118564,0.0,0.0,PAPER,TOM_APPROVE
2026-02-21T03:50:52Z,e3584519-ee76-4926-b93d-d4310145def1,PIPPINUSDT,LONG,SL,0.4843826743,10995.4736507804,-50.0,-5.0,PAPER,Stop loss hit; trade closed
2026-02-21T03:51:07Z,e3584519-ee76-4926-b93d-d4310145def1,PIPPINUSDT,LONG,SL,0.4843826743,10995.4736507804,-50.0,-5.0,PAPER,Stop loss hit; trade closed
2026-02-21T03:51:21Z,601fb140-b471-4e17-b179-b1f4d796a66b,PIPPINUSDT,LONG,SL,0.4836347844,9624.2396304754,-50.0,-5.0,PAPER,Stop loss hit; trade closed
2026-02-21T03:52:01Z,5cbc29bc-ef66-49dd-b023-09020347f317,OPUSDT,LONG,ENTRY,0.1303,47954.78776566785,0.0,0.0,PAPER,TOM_APPROVE
2026-02-21T03:52:28Z,230b1c50-e9c1-4c27-8632-ff53d7e08844,HYPEUSDT,LONG,SL,30.211,204.0024818391,0.0,0.0,PAPER,Stop loss hit; trade closed
2026-02-21T04:02:18Z,4442841d-0b72-40b7-acf0-f673f51594e0,SNXUSDT,LONG,ENTRY,0.385,7360.33827281189,0.0,0.0,PAPER,TOM_APPROVE
2026-02-21T04:04:40Z,69141517-3be1-423a-b880-45732f227213,WLFIUSDT,LONG,SL,0.1227,18908.9320027858,0.0,0.0,PAPER,Stop loss hit; trade closed
2026-02-21T04:07:20Z,866e036f-014b-4493-a3b7-f0586047b454,HYPEUSDT,LONG,ENTRY,30.277,379.7807335040392,0.0,0.0,PAPER,TOM_APPROVE
2026-02-21T04:22:33Z,49edb81e-fd05-476a-898f-ed9543f05e16,WLFIUSDT,LONG,ENTRY,0.1224,34899.010394890174,0.0,0.0,PAPER,TOM_APPROVE
2026-02-21T04:46:37Z,f8f42e22-a291-4cd0-b250-a1a71ed738dc,PIPPINUSDT,SHORT,SL,0.49525,4115.6974642033,0.0,0.0,PAPER,Stop loss hit; trade closed
2026-02-21T04:51:49Z,1b86de6f-01e3-4924-8398-bcea5d512501,ASTERUSDT,LONG,ENTRY,0.7242,12555.211506193455,0.0,0.0,PAPER,TOM_APPROVE
2026-02-21T04:58:38Z,4c1a521e-c1e1-4b94-b436-26e81ade3d21,1000PEPEUSDT,LONG,TP1,0.0042968734,1454611.6804505617,50.0,5.0,PAPER,TP1 hit; 50% closed; SL->BE
2026-02-21T05:02:59Z,155b876c-d47f-421b-97fd-fcf7609ae319,ASTERUSDT,LONG,SL,0.722380093,12136.1963626708,-50.0,-5.0,PAPER,Stop loss hit; trade closed
2026-02-21T05:07:05Z,5a618c34-1767-4f39-a1f5-f7f6de00302e,SNXUSDT,LONG,ENTRY,0.387,6889.583691399146,0.0,0.0,PAPER,TOM_APPROVE
2026-02-21T05:23:58Z,1874dfe8-076e-4c9c-8051-24bc763e5dd6,OPUSDT,LONG,TP1,0.1323852975,23977.3938828339,50.0,5.0,PAPER,TP1 hit; 50% closed; SL->BE
2026-02-21T05:25:26Z,be3b4a8b-feca-4f1a-a1f2-29a91ec9d0f2,OPUSDT,SHORT,SL,0.132956656,39788.1361712373,-50.0,-5.0,PAPER,Stop loss hit; trade closed
2026-02-21T05:27:50Z,c1a4f5d6-08b1-43ed-91f3-fcb841d7755d,FILUSDT,SHORT,ENTRY,0.969,10588.473223421499,0.0,0.0,PAPER,TOM_APPROVE
2026-02-21T05:35:21Z,054e9ca2-e353-41d0-b3d7-4e8ac190d34c,SNXUSDT,LONG,SL,0.3797426674,6889.5836913991,-50.0,-5.0,PAPER,Stop loss hit; trade closed
2026-02-21T05:36:03Z,2bcaab8a-95a8-4ef7-98f7-b91a74fc0e33,SNXUSDT,LONG,SL,0.378206834,7360.3382728119,-50.0,-5.0,PAPER,Stop loss hit; trade closed
2026-02-21T05:43:19Z,3452e1ed-ff2a-44ba-8e19-5958b5db8850,BNBUSDT,SHORT,ENTRY,627.71,61.078416879789714,0.0,0.0,PAPER,TOM_APPROVE
2026-02-21T05:43:32Z,dafeb613-f675-4caa-a635-f6175c72398a,WLFIUSDT,LONG,SL,0.1209672946,34899.0103948902,-50.0,-5.0,PAPER,Stop loss hit; trade closed
2026-02-21T05:58:37Z,b9553147-f7da-437e-8c05-e75768d783ef,BCHUSDT,SHORT,ENTRY,566.62,35.236139013423,0.0,0.0,PAPER,TOM_APPROVE
2026-02-21T06:02:31Z,29d7a312-58d6-4869-bb46-d07eb8191d04,ZECUSDT,LONG,TP1,262.9397918409,20.1629827049,50.0,5.0,PAPER,TP1 hit; 50% closed; SL->BE
2026-02-21T06:08:39Z,9d0969e1-7cc7-4f83-a18e-e4495023b5ac,PAXGUSDT,LONG,ENTRY,5114.62,32.51250596791131,0.0,0.0,PAPER,TOM_APPROVE
2026-02-21T06:23:52Z,559ecf19-a469-4469-809f-7b47db4604de,AZTECUSDT,LONG,ENTRY,0.03502,44183.788349122435,0.0,0.0,PAPER,TOM_APPROVE
2026-02-21T06:27:52Z,2b5ba162-b3bc-4eb6-9cfa-47706b65ff8f,FILUSDT,SHORT,SL,0.9761118629,9781.1699558837,-50.0,-5.0,PAPER,Stop loss hit; trade closed
2026-02-21T06:31:23Z,418b4a3a-7494-41c1-ac60-05cb3de3a878,BNBUSDT,SHORT,TP1,626.0727604462,30.5392084399,50.0,5.0,PAPER,TP1 hit; 50% closed; SL->BE
2026-02-21T06:39:30Z,e4bff843-5f19-4514-95cd-9379707ce7cd,YGGUSDT,LONG,ENTRY,0.0482,45919.58639981345,0.0,0.0,PAPER,TOM_APPROVE
2026-02-21T06:42:45Z,25efe682-e469-454f-8b8e-1f3bc1452d39,DOTUSDT,LONG,ENTRY,1.35,9115.981069214962,0.0,0.0,PAPER,TOM_APPROVE
2026-02-21T06:48:20Z,6bbaf8a7-1c1f-4d29-bfbe-ca8e4e61f090,BCHUSDT,LONG,ENTRY,563.88,38.95831373977673,0.0,0.0,PAPER,TOM_APPROVE
2026-02-21T06:52:35Z,8e7794c8-5ca6-4c22-a29e-4887e506718d,BCHUSDT,LONG,SL,562.5965768946,38.9583137398,-50.0,-5.0,PAPER,Stop loss hit; trade closed
2026-02-21T07:08:55Z,9a2133b1-cb72-4341-8d8b-ee1968146b60,FILUSDT,LONG,ENTRY,0.965,7697.433491988914,0.0,0.0,PAPER,TOM_APPROVE
2026-02-21T07:14:13Z,3d8c47f1-95f5-465b-8514-a03d99405c95,1000PEPEUSDT,LONG,ENTRY,0.0042947,2827753.2741668243,0.0,0.0,PAPER,TOM_APPROVE
2026-02-21T07:22:23Z,a481b3ce-d89f-420f-bdbc-27f51cb4d677,PAXGUSDT,LONG,TP1,5117.6957395354,16.256252984,50.0,5.0,PAPER,TP1 hit; 50% closed; SL->BE
2026-02-21T07:27:35Z,6c60c904-0f3a-4da3-ac31-b4050215eeea,XAUUSDT,LONG,TP1,5112.3754207014,15.4539408056,50.0,5.0,PAPER,TP1 hit; 50% closed; SL->BE
2026-02-21T07:29:29Z,58229deb-4889-4917-bc98-30f641efd4a4,ESPUSDT,LONG,ENTRY,0.07809,28065.970074530265,0.0,0.0,PAPER,TOM_APPROVE
2026-02-21T07:30:07Z,d19ca6b8-d661-416a-827d-524da4095781,PAXGUSDT,SHORT,SL,5119.28,9.1882186206,0.0,0.0,PAPER,Stop loss hit; trade closed
2026-02-21T07:39:58Z,330c8df7-7516-4f7d-a7ef-01f6eeb96cfb,KITEUSDT,SHORT,ENTRY,0.2419,16043.268205732911,0.0,0.0,PAPER,TOM_APPROVE
2026-02-21T07:42:39Z,0682e868-eaeb-4b56-9dc9-9148d6018ffe,HYPEUSDT,LONG,SL,30.1453450855,379.780733504,-50.0,-5.0,PAPER,Stop loss hit; trade closed
2026-02-21T07:57:16Z,29d7a312-58d6-4869-bb46-d07eb8191d04,ZECUSDT,LONG,SL,260.46,20.1629827049,0.0,0.0,PAPER,Stop loss hit; trade closed
2026-02-21T07:58:37Z,c37e18b2-6276-4ebc-8f4f-d8d26031f946,YGGUSDT,LONG,TP1,0.05037772,22959.7931999067,50.0,5.0,PAPER,TP1 hit; 50% closed; SL->BE
2026-02-21T08:00:40Z,2c598004-dac7-4dc2-ad36-abc971841a9d,SUIUSDT,SHORT,ENTRY,0.95,19208.009674816327,0.0,0.0,PAPER,TOM_APPROVE
2026-02-21T08:05:47Z,dc2cea1a-44c3-4d6f-b8c3-3132b57d6864,XAGUSDT,LONG,ENTRY,84.56,3036.309150314285,0.0,0.0,PAPER,TOM_APPROVE
2026-02-21T08:24:05Z,7835820f-7a06-48b4-b732-7d120e69b980,KITEUSDT,SHORT,TP1,0.2356668561,8021.6341028665,50.0,5.0,PAPER,TP1 hit; 50% closed; SL->BE
2026-02-21T08:26:06Z,4e33aee7-f884-4a29-a028-a7688de56875,AZTECUSDT,SHORT,ENTRY,0.03733,52848.898043200024,0.0,0.0,PAPER,TOM_APPROVE
2026-02-21T08:34:15Z,0783f237-cdff-4624-be95-16b8c80dd422,DOTUSDT,LONG,TP1,1.3609697463,4557.9905346075,50.0,5.0,PAPER,TP1 hit; 50% closed; SL->BE
2026-02-21T08:40:51Z,26f483d5-ea72-441c-ba63-e610152fd394,ASTERUSDT,LONG,TP1,0.73216482,6277.6057530967,50.0,5.0,PAPER,TP1 hit; 50% closed; SL->BE
2026-02-21T08:41:46Z,4c1a521e-c1e1-4b94-b436-26e81ade3d21,1000PEPEUSDT,LONG,TP2,0.0043312469,1454611.6804505617,100.0,10.0,PAPER,TP2 hit; trade closed
2026-02-21T08:41:47Z,ef92064f-92ab-45d8-8281-f50b4be87068,1000PEPEUSDT,LONG,TP1,0.0043300638,1413876.6370834121,50.0,5.0,PAPER,TP1 hit; 50% closed; SL->BE
2026-02-21T08:42:39Z,a481b3ce-d89f-420f-bdbc-27f51cb4d677,PAXGUSDT,LONG,TP2,5120.7714790708,16.256252984,100.0,10.0,PAPER,TP2 hit; trade closed
2026-02-21T08:50:18Z,06e9453d-b247-414c-8800-90c7820cc567,TAOUSDT,SHORT,SL,178.9541492724,75.2842803205,-50.0,-5.0,PAPER,Stop loss hit; trade closed
2026-02-21T08:51:35Z,e8cc2e31-7661-4947-ac73-80cebdd81be4,AAVEUSDT,LONG,ENTRY,118.86,94.054975445687,0.0,0.0,PAPER,TOM_APPROVE
2026-02-21T08:52:27Z,ff0bb4cf-4d43-4f87-b29c-ff50ca3e7286,FILUSDT,LONG,TP1,0.9779913432,3848.7167459945,50.0,5.0,PAPER,TP1 hit; 50% closed; SL->BE
2026-02-21T08:53:18Z,caeaeb8c-d7d1-4731-ac12-8fa11b1a1b48,XAUUSDT,SHORT,SL,5113.29,11.1042634073,0.0,0.0,PAPER,Stop loss hit; trade closed
2026-02-21T08:55:39Z,c1797d5f-a856-457f-8f90-c736399f6bc0,PAXGUSDT,SHORT,SL,5123.5988068801,47.6732189189,-50.0,-5.0,PAPER,Stop loss hit; trade closed
2026-02-21T09:02:59Z,a99dfa15-55a8-47c6-9910-271fe07e54c3,XRPUSDT,SHORT,SL,1.4344335127,15956.5335128511,-50.0,-5.0,PAPER,Stop loss hit; trade closed
2026-02-21T14:42:52Z,ad9dc382-d53f-44a6-8b06-3d3bd689fec6,BIOUSDT,SHORT,ENTRY,0.02901,160806.20996098474,0.0,0.0,PAPER,TOM_APPROVE
2026-02-21T14:47:54Z,88aec353-0275-4cb7-a87e-7088de993e30,RAVEUSDT,LONG,ENTRY,0.57588,5184.637795470762,0.0,0.0,PAPER,TOM_APPROVE
2026-02-21T14:49:16Z,13cef3e6-0ff1-4cb5-8987-ddb18c8ef70b,RAVEUSDT,LONG,ENTRY,0.57588,5184.637795470762,0.0,0.0,PAPER,TOM_APPROVE
2026-02-21T15:04:45Z,5f3a6963-90a3-491c-afb9-42e5c0c92eb7,AAVEUSDT,LONG,ENTRY,122.42,53.17721564196947,0.0,0.0,PAPER,TOM_APPROVE
2026-02-21T15:14:44Z,e8dfbf76-db8c-4e01-af79-28b9ed8328a2,PIPPINUSDT,LONG,ENTRY,0.50089,9053.405294349885,0.0,0.0,PAPER,TOM_APPROVE
2026-02-21T15:25:08Z,d10c530f-ef38-47c1-a563-cef09623305b,LINKUSDT,LONG,ENTRY,8.959,1687.7635404839548,0.0,0.0,PAPER,TOM_APPROVE
2026-02-21T15:36:16Z,b0de61ae-df5a-41ed-bab7-72b4e2d3079c,PIPPINUSDT,LONG,SL,0.4953672162,9053.4052943499,-50.0,-5.0,PAPER,Stop loss hit; trade closed
2026-02-21T15:40:34Z,5e2c4169-5a03-4632-b00c-956ccbfa2f09,SUIUSDT,LONG,ENTRY,0.9584,13329.044056513769,0.0,0.0,PAPER,TOM_APPROVE
2026-02-21T15:45:43Z,c67307a5-38d1-4799-832e-1d499e2ea31c,VVVUSDT,LONG,ENTRY,4.428,803.873332431267,0.0,0.0,PAPER,TOM_APPROVE
2026-02-21T15:55:28Z,5aea6d6d-b38e-4f68-b03d-e4c15e0cf82f,BNBUSDT,LONG,SL,628.2614869274,31.4759764103,-50.0,-5.0,PAPER,Stop loss hit; trade closed
2026-02-21T15:55:52Z,fed04d9d-c2bd-4deb-b04d-d837b5779afb,AVAXUSDT,LONG,ENTRY,9.282,1391.0334096204447,0.0,0.0,PAPER,TOM_APPROVE
2026-02-21T16:01:20Z,a3371640-a6dd-4565-bd11-1e560d442f23,AAVEUSDT,LONG,SL,121.5097657096,54.3339892038,-50.0,-5.0,PAPER,Stop loss hit; trade closed
2026-02-21T16:01:32Z,00859bcf-d562-464c-9cdf-3a46f02996fc,AAVEUSDT,LONG,SL,121.4797476871,53.177215642,-50.0,-5.0,PAPER,Stop loss hit; trade closed
2026-02-21T16:01:32Z,76cb557f-004d-4c7d-a1b7-7eb9626547ce,SUIUSDT,LONG,SL,0.9546487933,13329.0440565138,-50.0,-5.0,PAPER,Stop loss hit; trade closed
2026-02-21T18:20:48Z,bece39f3-ac39-4153-ade4-5a54a5a71070,RAVEUSDT,LONG,TP2,0.6144555009,2592.3188977354,100.0,10.0,PAPER,TP2 hit; trade closed
2026-02-21T22:54:06Z,4eca888a-8aaa-4c18-b97c-cc98259c0f74,BIOUSDT,SHORT,SL,0.02901,80403.1049804924,0.0,0.0,PAPER,Stop loss hit; trade closed
2026-02-22T04:16:11Z,8ec379af-3ec3-437d-abc4-d9c9ce3f5e45,YGGUSDT,SHORT,ENTRY,0.04424,261861.4683235438,0.0,0.0,PAPER,TOM_APPROVE
2026-02-22T04:21:27Z,5ff89aad-2b02-44ef-9c5e-1c4997d5a85d,1000PEPEUSDT,SHORT,ENTRY,0.0040927,6390496.5856847735,0.0,0.0,PAPER,TOM_APPROVE
2026-02-22T04:38:37Z,f9e3add4-b401-4099-8bfc-128ee8fda1d8,ZECUSDT,SHORT,ENTRY,255.54,80.87013913147358,0.0,0.0,PAPER,TOM_APPROVE
2026-02-22T05:09:23Z,495b2613-e373-47d7-8c11-e77b6825770d,ZECUSDT,SHORT,SL,256.7765503643,80.8701391315,-100.0,-1.0,PAPER,Stop loss hit; trade closed
2026-02-22T05:14:01Z,d3e50aa7-d644-4c12-a204-9f3210e6d201,ESPUSDT,SHORT,ENTRY,0.07655,97199.37992985886,0.0,0.0,PAPER,TOM_APPROVE
2026-02-22T06:01:56Z,b9bea07c-c2d4-4d54-82ac-1faa53f5c6dc,YGGUSDT,SHORT,SL,0.0446218813,261861.4683235438,-100.0,-1.0,PAPER,Stop loss hit; trade closed
2026-02-22T07:07:30Z,647b95c2-c8a7-49c0-b6c0-4b9a9c20e7ee,AVAXUSDT,LONG,TP1,9.0086873058,2398.8117743495,100.0,1.0,PAPER,TP1 hit; 50% closed; SL->BE
2026-02-22T07:11:01Z,772c6efd-6e62-46a1-ba6a-a5c9186d9497,FILUSDT,SHORT,SL,0.9518062035,20806.4430056756,-100.0,-1.0,PAPER,Stop loss hit; trade closed
2026-02-22T07:28:23Z,75a38aac-a436-4cd4-89b2-1b252d08cad4,BNBUSDT,SHORT,SL,622.8267745161,122.4328110563,-100.0,-1.0,PAPER,Stop loss hit; trade closed
2026-02-22T07:48:36Z,31cb767b-2d36-4b0e-b8fb-59217eb10003,INJUSDT,SHORT,ENTRY,3.657,546.8963631391852,0.0,0.0,PAPER,TOM_APPROVE
2026-02-22T08:26:29Z,f9de14f7-5156-4448-a1b9-584e5f28632b,INJUSDT,SHORT,TP1,3.6067180034,273.4481815696,13.749521,0.1375,PAPER,TP1 hit; 50% closed; SL->BE
